,player_id,first_name,last_name,position,weight,birthday,country,school,draft_year,draft_round,draft_number,height
0,1630173,Precious,Achiuwa,Forward,225,1999-09-19,Nigeria,Memphis,2020,1.0,20.0,6.8
1,203500,Steven,Adams,Center,265,1993-07-20,New Zealand,Pittsburgh,2013,1.0,12.0,6.11
2,1628389,Bam,Adebayo,Center-Forward,255,1997-07-18,USA,Kentucky,2017,1.0,14.0,6.9
3,1630534,Ochai,Agbaji,Guard,215,2000-04-20,USA,Kansas,2022,1.0,14.0,6.5
4,1630583,Santi,Aldama,Forward-Center,215,2001-01-10,Spain,Loyola-Maryland,2021,1.0,30.0,7.0
5,1629638,Nickeil,Alexander-Walker,Guard,205,1998-09-02,Canada,Virginia Tech,2019,1.0,17.0,6.5
6,1628960,Grayson,Allen,Guard,198,1995-10-08,USA,Duke,2018,1.0,21.0,6.4
7,1628386,Jarrett,Allen,Center,243,1998-04-21,USA,Texas,2017,1.0,22.0,6.9
8,1630631,Jose,Alvarado,Guard,179,1998-04-12,USA,Georgia Tech,2021,0.0,0.0,6.0
9,203937,Kyle,Anderson,Forward-Guard,230,1993-09-20,USA,UCLA,2014,1.0,30.0,6.9
10,203507,Giannis,Antetokounmpo,Forward,243,1994-12-06,Greece,Filathlitikos,2013,1.0,15.0,7.0
11,1628961,Kostas,Antetokounmpo,Forward,200,1997-11-20,Greece,University of Dayton,2018,2.0,60.0,6.1
12,203648,Thanasis,Antetokounmpo,Forward,219,1992-07-18,Greece,Panathinaikos,2014,2.0,51.0,6.7
13,1630175,Cole,Anthony,Guard,185,2000-05-15,USA,North Carolina,2020,1.0,15.0,6.3
14,1628384,O.G.,Anunoby,Forward,232,1997-07-17,United Kingdom,Indiana,2017,1.0,23.0,6.7
15,1627853,Ryan,Arcidiacono,Guard,195,1994-03-26,USA,Villanova,2017,0.0,0.0,6.3
16,201571,D.J.,Augustin,Guard,183,1987-11-10,USA,University of Texas at Austin,2008,1.0,9.0,5.11
17,1630166,Deni,Avdija,Forward,210,2001-01-03,Israel,Maccabi Tel Aviv,2020,1.0,9.0,6.9
18,1629028,Deandre,Ayton,Center,250,1998-07-23,Bahamas,Arizona,2018,1.0,1.0,7.0
19,1628962,Udoka,Azubuike,Center-Forward,270,1999-09-17,Nigeria,Kansas,2020,1.0,27.0,6.11
20,1630641,Ibou,Badji,Center,240,2002-10-13,Senegal,FC Barcelona,2022,0.0,0.0,7.1
21,1628963,Marvin,Bagley III,Forward,235,1999-03-14,USA,Duke,2018,1.0,2.0,6.1
22,1631116,Patrick,Baldwin,Forward,220,2002-11-18,USA,Wisconsin-Milwaukee,2022,1.0,28.0,6.9
23,1630163,LaMelo,Ball,Guard,180,2001-08-22,USA,Illawarra,2020,1.0,3.0,6.7
24,1628964,Mo,Bamba,Center,231,1998-05-12,USA,Texas,2018,1.0,6.0,7.0
25,1631094,Paolo,Banchero,Forward,250,2002-11-12,USA,Duke,2022,1.0,1.0,6.1
26,1630217,Desmond,Bane,Guard,215,1998-06-25,USA,TCU,2020,1.0,30.0,6.5
27,1630625,Dalano,Banton,Forward,204,1999-11-07,Canada,Nebraska,2021,2.0,46.0,6.7
28,1631230,Dominick,Barlow,Forward,215,2003-05-26,USA,,2022,0.0,0.0,6.9
29,203084,Harrison,Barnes,Forward,225,1992-05-30,USA,North Carolina,2012,1.0,7.0,6.8
30,1630567,Scottie,Barnes,Forward,225,2001-08-01,USA,Florida State,2021,1.0,4.0,6.8
31,1629628,RJ,Barrett,Forward-Guard,214,2000-06-14,Canada,Duke,2019,1.0,3.0,6.6
32,203115,Will,Barton,Guard,181,1991-01-06,USA,Memphis,2012,2.0,40.0,6.5
33,1629646,Charles,Bassey,Center-Forward,230,2000-10-28,Nigeria,Western Kentucky,2021,2.0,53.0,6.9
34,1628966,Keita,Bates-Diop,Forward,229,1996-01-23,USA,Ohio State,2018,2.0,48.0,6.8
35,201587,Nicolas,Batum,Guard-Forward,230,1988-12-14,France,Le Mans,2008,1.0,25.0,6.8
36,1629647,Darius,Bazley,Forward,216,2000-06-12,USA,Princeton HS (OH),2019,1.0,23.0,6.9
37,203078,Bradley,Beal,Guard,207,1993-06-28,USA,Florida,2012,1.0,3.0,6.4
38,1627736,Malik,Beasley,Guard,187,1996-11-26,USA,Florida State,2016,1.0,19.0,6.4
39,1630699,MarJon,Beauchamp,Forward,199,2000-10-12,USA,NBA G League Ignite,2022,1.0,24.0,6.7
40,202722,Davis,Bertans,Forward,225,1992-11-12,Latvia,Baskonia,2011,2.0,42.0,6.1
41,201976,Patrick,Beverley,Guard,180,1988-07-12,USA,Arkansas,2009,2.0,42.0,6.2
42,1630180,Saddiq,Bey,Forward,215,1999-04-09,USA,Villanova,2020,1.0,19.0,6.7
43,203920,Khem,Birch,Center,233,1992-09-28,Canada,UNLV,2017,0.0,0.0,6.8
44,1629048,Goga,Bitadze,Center-Forward,250,1999-07-20,Georgia,Mega Basket,2019,1.0,18.0,6.11
45,202687,Bismack,Biyombo,Center,255,1992-08-28,DRC,Baloncesto Fuenlabrada,2011,1.0,7.0,6.8
46,1631205,Buddy,Boeheim,Forward,205,1999-11-11,USA,Syracuse,2022,0.0,0.0,6.6
47,203992,Bogdan,Bogdanovic,Guard,225,1992-08-18,Serbia,Fenerbahce,2014,1.0,27.0,6.5
48,202711,Bojan,Bogdanovic,Forward,226,1989-04-18,Croatia,Fenerbahce,2011,2.0,31.0,6.7
49,1629626,Bol,Bol,Center-Forward,220,1999-11-16,Sudan,Oregon,2019,2.0,44.0,7.2
50,1630195,Leandro,Bolmaro,Forward,200,2000-09-11,Argentina,,2020,1.0,23.0,6.6
51,1626164,Devin,Booker,Guard,206,1996-10-30,USA,Kentucky,2015,1.0,13.0,6.5
52,1630527,Brandon,Boston Jr.,Guard,188,2001-11-28,USA,Kentucky,2021,2.0,51.0,6.6
53,1628449,Chris,Boucher,Forward-Center,200,1993-01-11,Saint Lucia,Oregon,2017,0.0,0.0,6.9
54,1630547,James,Bouknight,Guard,190,2000-09-18,USA,Connecticut,2021,1.0,11.0,6.4
55,1631123,Jamaree,Bouyea,Guard,180,1999-06-27,USA,San Francisco,2022,0.0,0.0,6.2
56,1628396,Tony,Bradley,Center-Forward,248,1998-01-08,USA,North Carolina,2017,1.0,28.0,6.11
57,1631103,Malaki,Branham,Forward,180,2003-05-12,USA,Ohio State,2022,1.0,20.0,6.4
58,1629714,Jarrell,Brantley,Forward,250,1996-06-07,USA,College of Charleston,2019,2.0,50.0,6.5
59,1631128,Christian,Braun,Guard,220,2001-04-17,USA,Kansas,2022,1.0,21.0,6.6
60,1628969,Mikal,Bridges,Guard-Forward,209,1996-08-30,USA,Villanova,2018,1.0,10.0,6.6
61,1629052,Oshae,Brissett,Forward-Guard,210,1998-06-20,Canada,Syracuse,2019,0.0,0.0,6.7
62,1627763,Malcolm,Brogdon,Guard,229,1992-12-11,USA,Virginia,2016,2.0,36.0,6.4
63,1628415,Dillon,Brooks,Guard-Forward,225,1996-01-22,Canada,Oregon,2017,2.0,45.0,6.6
64,1628971,Bruce,Brown,Guard-Forward,202,1996-08-15,USA,Miami,2018,2.0,42.0,6.4
65,1627759,Jaylen,Brown,Guard-Forward,223,1996-10-24,USA,California,2016,1.0,3.0,6.6
66,1631112,Kendall,Brown,Guard,205,2003-05-11,USA,Baylor,2022,2.0,48.0,6.7
67,1629650,Moses,Brown,Center,245,1999-10-13,USA,UCLA,2019,0.0,0.0,7.2
68,1628425,Sterling,Brown,Guard-Forward,219,1995-02-10,USA,Southern Methodist,2017,2.0,46.0,6.5
69,1630535,Greg,Brown III,Forward,206,2001-09-01,USA,Texas,2021,2.0,43.0,6.7
70,1628972,Troy,Brown Jr.,Guard-Forward,215,1999-07-28,USA,Oregon,2018,1.0,15.0,6.7
71,1628973,Jalen,Brunson,Guard,190,1996-08-31,USA,Villanova,2018,2.0,33.0,6.2
72,1628418,Thomas,Bryant,Center-Forward,248,1997-07-31,USA,Indiana,2017,2.0,42.0,6.1
73,203493,Reggie,Bullock,Guard-Forward,205,1991-03-16,USA,North Carolina,2013,1.0,25.0,6.6
74,202692,Alec,Burks,Guard,214,1991-07-20,USA,Colorado,2011,1.0,12.0,6.6
75,1629126,Deonte,Burton,Guard-Forward,240,1994-01-31,USA,Iowa State,2018,0.0,0.0,6.4
76,1630215,Jared,Butler,Guard,193,2000-08-25,USA,Baylor,2021,2.0,40.0,6.3
77,202710,Jimmy,Butler,Forward,230,1989-09-14,USA,Marquette,2011,1.0,30.0,6.7
78,1631219,John,Butler Jr.,Forward,190,2002-12-04,USA,Florida State,2022,0.0,0.0,7.0
79,1631288,Jamal,Cain,Forward,191,1999-03-20,USA,Oakland,2022,0.0,0.0,6.6
80,203484,Kentavious,Caldwell-Pope,Guard,204,1993-02-18,USA,Georgia,2013,1.0,8.0,6.5
81,1630267,Facundo,Campazzo,Guard,195,1991-03-23,Argentina,,2020,0.0,0.0,5.1
82,1628427,Vlatko,Cancar,Forward,236,1997-04-10,Slovenia,San Pablo Burgos,2017,2.0,49.0,6.8
83,203991,Clint,Capela,Center,256,1994-05-18,Switzerland,Elan Chalon,2014,1.0,25.0,6.1
84,1630176,Vernon,Carey Jr.,Center,270,2001-02-25,USA,Duke,2020,2.0,32.0,6.1
85,1628975,Jevon,Carter,Guard,200,1995-09-14,USA,West Virginia,2018,2.0,32.0,6.1
86,1628976,Wendell,Carter Jr.,Center-Forward,270,1999-04-16,USA,Duke,2018,1.0,7.0,6.1
87,203487,Michael,Carter-Williams,Guard,190,1991-10-10,USA,Syracuse,2013,1.0,11.0,6.5
88,1627936,Alex,Caruso,Guard,186,1994-02-28,USA,Texas A&M,2017,0.0,0.0,6.5
89,1626161,Willie,Cauley-Stein,Center,240,1993-08-18,USA,Kentucky,2015,1.0,6.0,7.0
90,1630577,Julian,Champagnie,Forward,217,2001-06-29,USA,St. John's,2022,0.0,0.0,6.7
91,1630551,Justin,Champagnie,Guard-Forward,206,2001-06-29,USA,Pittsburgh,2021,0.0,0.0,6.6
92,1631113,Kennedy,Chandler,Guard,170,2002-09-16,USA,Tennessee,2022,2.0,38.0,5.11
93,1631108,Max,Christie,Guard,190,2003-02-10,USA,Michigan State,2022,2.0,35.0,6.5
94,1630528,Josh,Christopher,Guard,215,2001-12-08,USA,Arizona State,2021,1.0,24.0,6.4
95,1629634,Brandon,Clarke,Forward,215,1996-09-19,Canada,Gonzaga,2019,1.0,21.0,6.8
96,203903,Jordan,Clarkson,Guard,194,1992-06-07,USA,Missouri,2014,2.0,46.0,6.5
97,1629651,Nic,Claxton,Center,215,1999-04-17,USA,Georgia,2019,2.0,31.0,6.11
98,1629599,Amir,Coffey,Guard-Forward,210,1997-06-17,USA,Minnesota,2019,0.0,0.0,6.7
99,1628381,John,Collins,Forward-Center,226,1997-09-23,USA,Wake Forest,2017,1.0,19.0,6.9
100,1628380,Zach,Collins,Forward-Center,250,1997-11-19,USA,Gonzaga,2017,1.0,10.0,6.11
101,1628435,Chance,Comanche,Center,210,1996-04-14,USA,Arizona,2022,0.0,0.0,6.1
102,201144,Mike,Conley,Guard,175,1987-10-11,USA,Ohio State,2007,1.0,4.0,6.1
103,1626192,Pat,Connaughton,Guard,209,1993-01-06,USA,Notre Dame,2015,2.0,41.0,6.5
104,1641645,Xavier,Cooks,Forward,183,1995-08-19,Australia,Winthrop,2022,0.0,0.0,6.8
105,203496,Robert,Covington,Forward,209,1990-12-14,USA,Tennessee State,2013,0.0,0.0,6.7
106,1628470,Torrey,Craig,Forward,221,1990-12-19,USA,South Carolina Upstate,2017,0.0,0.0,6.7
107,203109,Jae,Crowder,Forward,235,1990-07-06,USA,Marquette,2012,2.0,34.0,6.6
108,1629633,Jarrett,Culver,Guard-Forward,195,1999-02-20,USA,Texas Tech,2019,1.0,6.0,6.6
109,1630595,Cade,Cunningham,Guard,220,2001-09-25,USA,Oklahoma State,2021,1.0,1.0,6.7
110,203552,Seth,Curry,Guard,185,1990-08-23,USA,Duke,2013,0.0,0.0,6.1
111,201939,Stephen,Curry,Guard,185,1988-03-14,USA,Davidson,2009,1.0,7.0,6.2
112,1630700,Dyson,Daniels,Guard,199,2003-03-17,Australia,NBA G League Ignite,2022,1.0,8.0,6.7
113,203076,Anthony,Davis,Forward-Center,253,1993-03-11,USA,Kentucky,2012,1.0,1.0,6.1
114,1631098,Johnny,Davis,Guard,195,2002-02-27,USA,Wisconsin,2022,1.0,10.0,6.4
115,1629056,Terence,Davis,Guard,201,1997-05-16,USA,Mississippi,2019,0.0,0.0,6.4
116,1631120,JD,Davison,Guard,195,2002-10-03,USA,Alabama,2022,2.0,53.0,6.1
117,1630620,Darius,Days,Forward,245,1999-10-20,USA,Louisiana State,2022,0.0,0.0,6.7
118,201942,DeMar,DeRozan,Guard-Forward,220,1989-08-07,USA,Southern California,2009,1.0,9.0,6.6
119,203473,Dewayne,Dedmon,Center,245,1989-08-12,USA,Southern California,2013,0.0,0.0,6.1
120,203521,Matthew,Dellavedova,Guard,200,1990-09-08,Australia,,2013,0.0,0.0,6.3
121,1628978,Donte,DiVincenzo,Guard,203,1997-01-31,USA,Villanova,2018,1.0,17.0,6.4
122,1631217,Moussa,Diabate,Forward,210,2002-01-21,France,Michigan,2022,2.0,43.0,6.1
123,1629603,Mamadi,Diakite,Forward,228,1997-01-21,Guinea,Virginia,2020,0.0,0.0,6.9
124,1628977,Hamidou,Diallo,Guard,202,1998-07-31,USA,Kentucky,2018,2.0,45.0,6.5
125,203476,Gorgui,Dieng,Center,248,1990-01-18,Senegal,Louisville,2013,1.0,21.0,6.1
126,1631172,Ousmane,Dieng,Forward,185,2003-05-21,France,New Zealand Breakers,2022,1.0,11.0,6.9
127,203915,Spencer,Dinwiddie,Guard,215,1993-04-06,USA,Colorado,2014,2.0,38.0,6.5
128,1629029,Luka,Doncic,Forward-Guard,230,1999-02-28,Slovenia,Real Madrid,2018,1.0,3.0,6.7
129,1628416,Tyler,Dorsey,Guard,180,1996-02-18,USA,Oregon,2017,2.0,41.0,6.4
130,1629652,Luguentz,Dort,Guard,220,1999-04-19,Canada,Arizona State,2019,0.0,0.0,6.4
131,1630245,Ayo,Dosunmu,Guard,200,2000-01-17,USA,Illinois,2021,2.0,38.0,6.5
132,1629653,Devon,Dotson,Guard,185,1999-08-02,USA,Kansas,2020,0.0,0.0,6.1
133,1630288,Jeff,Dowtin Jr.,Guard,177,1997-05-10,USA,Rhode Island,2021,0.0,0.0,6.3
134,1628408,PJ,Dozier,Guard-Forward,205,1996-10-25,USA,South Carolina,2017,0.0,0.0,6.6
135,201609,Goran,Dragic,Guard,190,1986-05-06,Slovenia,Union Olimpija,2008,2.0,45.0,6.4
136,203083,Andre,Drummond,Center,279,1993-08-10,USA,Connecticut,2012,1.0,9.0,6.11
137,1630537,Chris,Duarte,Guard,190,1997-06-13,Dominican Republic,Oregon,2021,1.0,13.0,6.5
138,1630561,David,Duke Jr.,Guard,204,1999-10-13,USA,Providence,2021,0.0,0.0,6.4
139,1627739,Kris,Dunn,Guard,205,1994-03-18,USA,Providence,2016,1.0,5.0,6.3
140,201142,Kevin,Durant,Forward,240,1988-09-29,USA,Texas,2007,1.0,2.0,6.1
141,1631105,Jalen,Duren,Center,250,2003-11-18,USA,Memphis,2022,1.0,13.0,6.11
142,1631106,Tari,Eason,Forward,215,2001-05-10,USA,Louisiana State,2022,1.0,17.0,6.8
143,1630162,Anthony,Edwards,Guard,225,2001-08-05,USA,Georgia,2020,1.0,1.0,6.4
144,1630556,Kessler,Edwards,Forward,203,2000-08-09,USA,Pepperdine,2021,2.0,44.0,6.7
145,1631165,Keon,Ellis,Guard,175,2000-01-08,USA,Alabama,2022,0.0,0.0,6.3
146,203954,Joel,Embiid,Center-Forward,280,1994-03-16,Cameroon,Kansas,2014,1.0,3.0,7.0
147,1629234,Drew,Eubanks,Forward-Center,245,1997-02-01,USA,Oregon State,2018,0.0,0.0,6.1
148,202324,Derrick,Favors,Forward,265,1991-07-15,USA,Georgia Tech,2010,1.0,3.0,6.9
149,1628981,Bruno,Fernando,Forward-Center,240,1998-08-15,Angola,Maryland,2019,2.0,34.0,6.1
150,1627827,Dorian,Finney-Smith,Forward,220,1993-05-04,USA,Florida,2016,0.0,0.0,6.7
151,1630201,Malachi,Flynn,Guard,175,1998-05-09,USA,San Diego State,2020,1.0,29.0,6.1
152,1631323,Simone,Fontecchio,Forward,209,1995-12-09,Italy,Baskonia,2022,0.0,0.0,6.7
153,1627854,Bryn,Forbes,Guard,205,1993-07-23,USA,Michigan State,2016,0.0,0.0,6.2
154,1630235,Trent,Forrest,Guard,210,1998-06-12,USA,Florida State,2020,0.0,0.0,6.4
155,1630701,Michael,Foster Jr.,Forward,250,2003-01-16,USA,NBA G League Ignite,2022,0.0,0.0,6.8
156,203095,Evan,Fournier,Guard-Forward,205,1992-10-29,France,Poitiers Basket 86,2012,1.0,20.0,6.6
157,1628368,De'Aaron,Fox,Guard,185,1997-12-20,USA,Kentucky,2017,1.0,5.0,6.3
158,1628365,Markelle,Fultz,Guard,209,1998-05-29,USA,Washington,2017,1.0,1.0,6.4
159,1629117,Wenyen,Gabriel,Forward,205,1997-03-26,South Sudan,Kentucky,2018,0.0,0.0,6.9
160,1629655,Daniel,Gafford,Forward-Center,234,1998-10-01,USA,Arkansas,2019,2.0,38.0,6.1
161,1629636,Darius,Garland,Guard,192,2000-01-26,USA,Vanderbilt,2019,1.0,5.0,6.1
162,1630586,Usman,Garuba,Forward,229,2002-03-09,Spain,Real Madrid,2021,1.0,23.0,6.8
163,1630568,Luka,Garza,Center,243,1998-12-27,USA,Iowa,2021,2.0,52.0,6.1
164,200752,Rudy,Gay,Forward-Guard,250,1986-08-17,USA,Connecticut,2006,1.0,8.0,6.8
165,202331,Paul,George,Forward,220,1990-05-02,USA,Fresno State,2010,1.0,10.0,6.8
166,201959,Taj,Gibson,Forward,232,1985-06-24,USA,Southern California,2009,1.0,26.0,6.9
167,1630581,Josh,Giddey,Guard,216,2002-10-10,Australia,NBA Global Academy,2021,1.0,6.0,6.8
168,1628983,Shai,Gilgeous-Alexander,Guard,195,1998-07-12,Canada,Kentucky,2018,1.0,11.0,6.6
169,1630264,Anthony,Gill,Forward,230,1992-10-17,USA,Virginia,2020,0.0,0.0,6.8
170,1631367,Jacob,Gilyard,Guard,160,1998-07-14,USA,Richmond,2022,0.0,0.0,5.9
171,203497,Rudy,Gobert,Center,258,1992-06-26,France,Cholet,2013,1.0,27.0,7.1
172,1630692,Jordan,Goodwin,Guard,200,1998-10-23,USA,St. Louis,2021,0.0,0.0,6.3
173,203932,Aaron,Gordon,Forward,235,1995-09-16,USA,Arizona,2014,1.0,4.0,6.8
174,201569,Eric,Gordon,Guard,215,1988-12-25,USA,Indiana,2008,1.0,7.0,6.3
175,1628984,Devonte',Graham,Guard,195,1995-02-22,USA,Kansas,2018,2.0,34.0,6.1
176,203924,Jerami,Grant,Forward,210,1994-03-12,USA,Syracuse,2014,2.0,39.0,6.8
177,1630564,RaiQuan,Gray,Forward,269,1999-07-07,USA,Florida State,2021,2.0,59.0,6.7
178,1631260,AJ,Green,Guard,190,1999-09-27,USA,Northern Iowa,2022,0.0,0.0,6.5
179,201980,Danny,Green,Guard,215,1987-06-22,USA,North Carolina,2009,2.0,46.0,6.6
180,203110,Draymond,Green,Forward,230,1990-03-04,USA,Michigan State,2012,2.0,35.0,6.6
181,203210,JaMychal,Green,Forward-Center,227,1990-06-21,USA,Alabama,2014,0.0,0.0,6.9
182,1630224,Jalen,Green,Guard,186,2002-02-09,USA,NBA G League Ignite,2021,1.0,2.0,6.4
183,1629750,Javonte,Green,Guard,205,1993-07-23,USA,Radford,2019,0.0,0.0,6.5
184,201145,Jeff,Green,Forward,235,1986-08-28,USA,Georgetown,2007,1.0,5.0,6.8
185,1630182,Josh,Green,Guard,200,2000-11-16,Australia,Arizona,2020,1.0,18.0,6.7
186,1631100,AJ,Griffin,Forward,220,2003-08-25,USA,Duke,2022,1.0,16.0,6.6
187,201933,Blake,Griffin,Forward,250,1989-03-16,USA,Oklahoma,2009,1.0,1.0,6.9
188,1629656,Quentin,Grimes,Guard,210,2000-05-08,USA,Houston,2021,1.0,25.0,6.5
189,1629060,Rui,Hachimura,Forward,230,1998-02-08,Japan,Gonzaga,2019,1.0,9.0,6.8
190,1630169,Tyrese,Haliburton,Guard,185,2000-02-29,USA,Iowa State,2020,1.0,12.0,6.5
191,1631160,Jordan,Hall,Guard,215,2002-01-14,USA,Saint Joseph's,2022,0.0,0.0,6.7
192,1630181,R.J.,Hampton,Guard,175,2001-02-07,USA,,2020,1.0,24.0,6.4
193,203501,Tim,Hardaway Jr.,Guard-Forward,205,1992-03-16,USA,Michigan,2013,1.0,24.0,6.5
194,201935,James,Harden,Guard,220,1989-08-26,USA,Arizona State,2009,1.0,3.0,6.5
195,1630702,Jaden,Hardy,Guard,198,2002-07-05,USA,NBA G League Ignite,2022,2.0,37.0,6.3
196,1631199,Ron,Harper Jr.,Forward,245,2000-04-12,USA,Rutgers,2022,0.0,0.0,6.5
197,1626149,Montrezl,Harrell,Forward-Center,240,1994-01-26,USA,Louisville,2015,2.0,32.0,6.7
198,203914,Gary,Harris,Guard,210,1994-09-14,USA,Michigan State,2014,1.0,19.0,6.4
199,203925,Joe,Harris,Guard-Forward,220,1991-09-06,USA,Virginia,2014,2.0,33.0,6.6
200,1630284,Kevon,Harris,Guard,216,1997-06-24,USA,Stephen F. Austin,2022,0.0,0.0,6.6
201,202699,Tobias,Harris,Forward,226,1992-07-15,USA,Tennessee,2011,1.0,19.0,6.7
202,1627885,Shaquille,Harrison,Guard,195,1993-10-06,USA,Tulsa,2017,0.0,0.0,6.4
203,1628404,Josh,Hart,Guard,215,1995-03-06,USA,Villanova,2017,1.0,30.0,6.4
204,1628392,Isaiah,Hartenstein,Center-Forward,250,1998-05-05,Germany,Zalgiris,2017,2.0,43.0,7.0
205,2617,Udonis,Haslem,Forward,235,1980-06-09,USA,Florida,2003,0.0,0.0,6.7
206,1630573,Sam,Hauser,Forward,217,1997-12-08,USA,Virginia,2021,0.0,0.0,6.7
207,1629637,Jaxson,Hayes,Center-Forward,220,2000-05-23,USA,Texas,2019,1.0,8.0,7.0
208,1630165,Killian,Hayes,Guard,195,2001-07-27,France,Ratiopharm Ulm,2020,1.0,7.0,6.5
209,202330,Gordon,Hayward,Forward,225,1990-03-23,USA,Butler,2010,1.0,9.0,6.7
210,1627823,Juancho,Hernangomez,Forward,214,1995-09-28,Spain,,2016,1.0,15.0,6.9
211,1626195,Willy,Hernangomez,Center-Forward,250,1994-05-27,Spain,Cajasol Sevilla,2015,2.0,35.0,6.11
212,1629639,Tyler,Herro,Guard,195,2000-01-20,USA,Kentucky,2019,1.0,13.0,6.5
213,1627741,Buddy,Hield,Guard,220,1992-12-17,Bahamas,Oklahoma,2016,1.0,6.0,6.4
214,1629312,Haywood,Highsmith,Forward,220,1996-12-09,USA,Wheeling Jesuit,2018,0.0,0.0,6.5
215,201588,George,Hill,Guard,188,1986-05-04,USA,Indiana-Purdue Indianapolis,2008,1.0,26.0,6.4
216,1630792,Malcolm,Hill,Forward,220,1995-10-26,USA,Illinois,2021,0.0,0.0,6.6
217,1628988,Aaron,Holiday,Guard,185,1996-09-30,USA,UCLA,2018,1.0,23.0,6.0
218,201950,Jrue,Holiday,Guard,205,1990-06-12,USA,UCLA,2009,1.0,17.0,6.5
219,203200,Justin,Holiday,Forward-Guard,180,1989-04-05,USA,Washington,2012,0.0,0.0,6.6
220,1626158,Richaun,Holmes,Forward,235,1993-10-15,USA,Bowling Green,2015,2.0,37.0,6.8
221,201143,Al,Horford,Center-Forward,240,1986-06-03,Dominican Republic,Florida,2007,1.0,3.0,6.9
222,1629659,Talen,Horton-Tucker,Guard,234,2000-11-25,USA,Iowa State,2019,2.0,46.0,6.4
223,1627863,Danuel,House Jr.,Forward-Guard,220,1993-06-07,USA,Texas A&M,2016,0.0,0.0,6.6
224,1631216,Caleb,Houstan,Guard,205,2003-01-09,Canada,Michigan,2022,2.0,32.0,6.8
225,1631309,Trevor,Hudgins,Guard,180,1999-03-23,USA,Northwest Missouri State,2022,0.0,0.0,6.0
226,1628989,Kevin,Huerter,Guard-Forward,198,1998-08-27,USA,Maryland,2018,1.0,19.0,6.7
227,1630643,Jay,Huff,Center,240,1997-08-25,USA,Virginia,2021,0.0,0.0,7.1
228,1630624,Feron,Hunt,Forward,195,1999-07-05,USA,Southern Methodist,2021,0.0,0.0,6.8
229,1629631,De'Andre,Hunter,Forward-Guard,221,1997-12-02,USA,Virginia,2019,1.0,4.0,6.8
230,1630538,Bones,Hyland,Guard,169,2000-09-14,USA,Virginia Commonwealth,2021,1.0,26.0,6.2
231,201586,Serge,Ibaka,Forward,235,1989-09-18,Democratic Republic of the Congo,,2008,1.0,24.0,6.11
232,2738,Andre,Iguodala,Guard-Forward,215,1984-01-28,USA,Arizona,2004,1.0,9.0,6.6
233,204060,Joe,Ingles,Forward-Guard,220,1987-10-02,Australia,Maccabi Tel Aviv,2014,0.0,0.0,6.9
234,1627742,Brandon,Ingram,Forward,190,1997-09-02,USA,Duke,2016,1.0,2.0,6.8
235,202681,Kyrie,Irving,Guard,195,1992-03-23,Australia,Duke,2011,1.0,1.0,6.2
236,1628371,Jonathan,Isaac,Forward,230,1997-10-03,USA,Florida State,2017,1.0,6.0,6.1
237,1631093,Jaden,Ivey,Guard,195,2002-02-13,USA,Purdue,2022,1.0,5.0,6.4
238,1628402,Frank,Jackson,Guard,205,1998-05-04,USA,Duke,2017,2.0,31.0,6.3
239,1630543,Isaiah,Jackson,Forward,205,2002-01-10,USA,Kentucky,2021,1.0,22.0,6.9
240,1628382,Justin,Jackson,Forward,220,1995-03-28,USA,North Carolina,2017,1.0,15.0,6.8
241,1631245,Quenton,Jackson,Guard,173,1998-09-15,USA,Texas A&M,2022,0.0,0.0,6.5
242,202704,Reggie,Jackson,Guard,208,1990-04-16,USA,Boston College,2011,1.0,24.0,6.2
243,1628991,Jaren,Jackson Jr.,Forward-Center,242,1999-09-15,USA,Michigan State,2018,1.0,4.0,6.1
244,2544,LeBron,James,Forward,250,1984-12-30,USA,St. Vincent-St. Mary HS (OH),2003,1.0,1.0,6.9
245,1629610,DaQuan,Jeffries,Guard-Forward,222,1997-08-30,USA,Tulsa,2019,0.0,0.0,6.5
246,1629660,Ty,Jerome,Guard-Forward,195,1997-07-08,USA,Virginia,2019,1.0,24.0,6.5
247,1630198,Isaiah,Joe,Guard,165,1999-07-02,USA,Arkansas,2020,2.0,49.0,6.3
248,1628993,Alize,Johnson,Forward,212,1996-04-22,USA,Missouri State,2018,2.0,50.0,6.8
249,1629661,Cameron,Johnson,Forward,210,1996-03-03,USA,North Carolina,2019,1.0,11.0,6.8
250,1630552,Jalen,Johnson,Forward,219,2001-12-18,USA,Duke,2021,1.0,20.0,6.8
251,201949,James,Johnson,Forward,240,1987-02-20,USA,Wake Forest,2009,1.0,16.0,6.7
252,1629640,Keldon,Johnson,Forward-Guard,220,1999-10-11,USA,Kentucky,2019,1.0,29.0,6.5
253,1630553,Keon,Johnson,Guard,185,2002-03-10,USA,Tennessee,2021,1.0,21.0,6.3
254,1626169,Stanley,Johnson,Forward-Guard,242,1996-05-29,USA,Arizona,2015,1.0,8.0,6.6
255,203999,Nikola,Jokic,Center,284,1995-02-19,Serbia,Mega Basket,2014,2.0,41.0,6.11
256,1630637,Carlik,Jones,Guard,174,1997-12-23,USA,Louisville,2021,0.0,0.0,6.0
257,1627745,Damian,Jones,Center,245,1995-06-30,USA,Vanderbilt,2016,1.0,30.0,6.11
258,1630529,Herbert,Jones,Forward,206,1998-10-06,USA,Alabama,2021,2.0,35.0,6.7
259,1630539,Kai,Jones,Center-Forward,221,2001-01-19,Bahamas,Texas,2021,1.0,19.0,6.11
260,1630200,Tre,Jones,Guard,185,2000-01-08,USA,Duke,2020,2.0,41.0,6.1
261,1626145,Tyus,Jones,Guard,196,1996-05-10,USA,Duke,2015,1.0,24.0,6.2
262,1627884,Derrick,Jones Jr.,Forward,210,1997-02-15,USA,UNLV,2016,0.0,0.0,6.6
263,201599,DeAndre,Jordan,Center,265,1988-07-21,USA,Texas A&M,2008,2.0,35.0,6.11
264,202709,Cory,Joseph,Guard,200,1991-08-20,Canada,Texas,2011,1.0,29.0,6.3
265,1631107,Nikola,Jovic,Forward,205,2003-06-09,Serbia,Mega Basket,2022,1.0,27.0,6.1
266,1630548,Johnny,Juzang,Guard,209,2001-03-17,USA,UCLA,2022,0.0,0.0,6.6
267,1629662,Mfiondu,Kabengele,Center,250,1997-08-14,Canada,Florida State,2019,1.0,27.0,6.1
268,1626163,Frank,Kaminsky,Forward-Center,240,1993-04-04,USA,Wisconsin,2015,1.0,9.0,7.0
269,1631211,Trevor,Keels,Guard,221,2003-08-26,USA,Duke,2022,2.0,42.0,6.4
270,1628379,Luke,Kennard,Guard,206,1996-06-24,USA,Duke,2017,1.0,12.0,6.5
271,1631117,Walker,Kessler,Center,245,2001-07-26,USA,Auburn,2022,1.0,22.0,7.0
272,1630296,Braxton,Key,Forward,225,1997-02-14,USA,Virginia,2021,0.0,0.0,6.8
273,1629663,Louis,King,Forward,205,1999-04-06,USA,Oregon,2019,0.0,0.0,6.7
274,1630557,Corey,Kispert,Forward,224,1999-03-03,USA,Gonzaga,2021,1.0,15.0,6.6
275,1628467,Maxi,Kleber,Forward,240,1992-01-29,Germany,Bayern Munich,2017,0.0,0.0,6.1
276,1630233,Nathan,Knight,Forward-Center,253,1997-09-20,USA,William & Mary,2020,0.0,0.0,6.8
277,1628995,Kevin,Knox II,Forward,215,1999-08-11,USA,Kentucky,2018,1.0,9.0,6.7
278,1631132,Christian,Koloko,Center,230,2000-06-20,Cameroon,Arizona,2022,2.0,33.0,7.0
279,1629723,John,Konchar,Guard,210,1996-03-22,USA,Indiana-Purdue Fort Wayne,2019,0.0,0.0,6.5
280,1627788,Furkan,Korkmaz,Guard-Forward,202,1997-07-24,Turkey,Anadolu Efes,2016,1.0,26.0,6.7
281,1628436,Luke,Kornet,Center-Forward,250,1995-07-15,USA,Vanderbilt,2017,0.0,0.0,7.2
282,1630249,Vit,Krejci,Guard,195,2000-06-19,Czech Republic,Zaragoza,2020,2.0,37.0,6.8
283,1630228,Jonathan,Kuminga,Forward,225,2002-10-06,DRC,NBA G League Ignite,2021,1.0,7.0,6.7
284,1628398,Kyle,Kuzma,Forward,221,1995-07-24,USA,Utah,2017,1.0,27.0,6.9
285,1631222,Jake,LaRavia,Forward,235,2001-11-03,USA,Wake Forest,2022,1.0,19.0,6.7
286,203897,Zach,LaVine,Guard,200,1995-03-10,USA,UCLA,2014,1.0,13.0,6.5
287,1630237,Anthony,Lamb,Forward,227,1998-01-20,USA,Vermont,2020,0.0,0.0,6.6
288,1629111,Jock,Landale,Center,255,1995-10-25,Australia,St. Mary's,2021,0.0,0.0,6.11
289,1629641,Romeo,Langford,Guard-Forward,216,1999-10-25,USA,Indiana,2019,1.0,14.0,6.5
290,1630639,A.J.,Lawson,Guard,179,2000-07-15,Canada,South Carolina,2022,0.0,0.0,6.6
291,1627747,Caris,LeVert,Guard,205,1994-08-25,USA,Michigan,2016,1.0,20.0,6.6
292,1627814,Damion,Lee,Guard-Forward,210,1992-10-21,USA,Drexel,2017,0.0,0.0,6.5
293,1630240,Saben,Lee,Guard,183,1999-06-23,USA,Vanderbilt,2020,2.0,38.0,6.2
294,203458,Alex,Len,Center,250,1993-06-16,Ukraine,Maryland,2013,1.0,5.0,7.2
295,202695,Kawhi,Leonard,Forward,225,1991-06-29,USA,San Diego State,2011,1.0,15.0,6.7
296,203086,Meyers,Leonard,Forward-Center,260,1992-02-27,USA,Illinois,2012,1.0,11.0,7.0
297,1630184,Kira,Lewis Jr.,Guard,170,2001-04-06,USA,Alabama,2020,1.0,13.0,6.1
298,1630604,E.J.,Liddell,Forward,240,2000-12-18,USA,Ohio State,2022,2.0,41.0,6.6
299,203081,Damian,Lillard,Guard,195,1990-07-15,USA,Weber State,2012,1.0,6.0,6.2
300,1629642,Nassir,Little,Forward-Guard,220,2000-02-11,USA,North Carolina,2019,1.0,25.0,6.5
301,1630587,Isaiah,Livers,Forward,232,1998-07-28,USA,Michigan,2021,2.0,42.0,6.6
302,1631254,Kenneth,Lofton Jr.,Forward,275,2002-08-14,USA,Louisiana Tech,2022,0.0,0.0,6.6
303,1626172,Kevon,Looney,Forward,222,1996-02-06,USA,UCLA,2015,1.0,30.0,6.9
304,201572,Brook,Lopez,Center,282,1988-04-01,USA,Stanford,2008,1.0,10.0,7.1
305,201577,Robin,Lopez,Center,281,1988-04-01,USA,Stanford,2008,1.0,15.0,7.0
306,201567,Kevin,Love,Forward-Center,251,1988-09-07,USA,UCLA,2008,1.0,5.0,6.8
307,200768,Kyle,Lowry,Guard,196,1986-03-25,USA,Villanova,2006,1.0,24.0,6.0
308,1626168,Trey,Lyles,Forward,234,1995-11-05,Canada,Kentucky,2015,1.0,12.0,6.9
309,1630177,Theo,Maledon,Guard,175,2001-06-12,France,Asvel,2020,2.0,34.0,6.5
310,1630572,Sandro,Mamukelashvili,Forward-Center,240,1999-05-23,Georgia,Seton Hall,2021,2.0,54.0,6.1
311,1629611,Terance,Mann,Guard-Forward,215,1996-10-18,USA,Florida State,2019,2.0,48.0,6.5
312,1630544,Tre,Mann,Guard,178,2001-02-03,USA,Florida,2021,1.0,18.0,6.3
313,1626246,Boban,Marjanovic,Center,290,1988-08-15,Serbia,,2015,0.0,0.0,7.4
314,1628374,Lauri,Markkanen,Forward-Center,240,1997-05-22,Finland,Arizona,2017,1.0,7.0,7.0
315,1630230,Naji,Marshall,Forward,220,1998-01-24,USA,Xavier,2020,0.0,0.0,6.7
316,1628997,Caleb,Martin,Forward,205,1995-09-28,USA,Nevada,2019,0.0,0.0,6.5
317,1628998,Cody,Martin,Forward,205,1995-09-28,USA,Nevada,2019,2.0,36.0,6.6
318,1631213,Tyrese,Martin,Guard,215,1999-03-07,USA,Connecticut,2022,2.0,51.0,6.6
319,1630231,Kenyon,Martin Jr.,Forward,215,2001-01-06,USA,IMG Academy (FL),2020,2.0,52.0,6.7
320,1629726,Garrison,Mathews,Guard,215,1996-10-24,USA,Lipscomb,2019,0.0,0.0,6.6
321,1631097,Bennedict,Mathurin,Guard-Forward,210,2002-06-19,Canada,Arizona,2022,1.0,6.0,6.5
322,202083,Wesley,Matthews,Guard,220,1986-10-14,USA,Marquette,2009,0.0,0.0,6.5
323,1630178,Tyrese,Maxey,Guard,200,2000-11-04,USA,Kentucky,2020,1.0,21.0,6.2
324,1630219,Skylar,Mays,Guard,205,1997-09-05,USA,Louisiana State,2020,2.0,50.0,6.4
325,1630540,Miles,McBride,Guard,195,2000-09-08,USA,West Virginia,2021,2.0,36.0,6.2
326,1630644,Mac,McClung,Guard,185,1999-01-06,USA,Texas Tech,2021,0.0,0.0,6.2
327,203468,CJ,McCollum,Guard,190,1991-09-19,USA,Lehigh,2013,1.0,10.0,6.3
328,204456,T.J.,McConnell,Guard,190,1992-03-25,USA,Arizona,2015,0.0,0.0,6.1
329,1630183,Jaden,McDaniels,Forward,185,2000-09-29,USA,Washington,2020,1.0,28.0,6.9
330,1629667,Jalen,McDaniels,Forward-Center,205,1998-01-31,USA,San Diego State,2019,2.0,52.0,6.9
331,203926,Doug,McDermott,Forward,225,1992-01-03,USA,Creighton,2014,1.0,11.0,6.6
332,201580,JaVale,McGee,Center-Forward,270,1988-01-19,USA,Nevada,2008,1.0,18.0,7.0
333,1631121,Bryce,McGowens,Guard,175,2002-11-08,USA,Nebraska,2022,2.0,40.0,6.6
334,203585,Rodney,McGruder,Guard,205,1991-07-29,USA,Kansas State,2016,0.0,0.0,6.4
335,1629162,Jordan,McLaughlin,Guard,185,1996-04-09,USA,Southern California,2019,0.0,0.0,6.0
336,1629001,De'Anthony,Melton,Guard,200,1998-05-28,USA,Southern California,2018,2.0,46.0,6.2
337,1630241,Sam,Merrill,Guard,205,1996-05-15,USA,Utah State,2020,2.0,60.0,6.4
338,1629002,Chimezie,Metu,Forward-Center,225,1997-03-22,USA,Southern California,2018,2.0,49.0,6.9
339,203114,Khris,Middleton,Forward,222,1991-08-12,USA,Texas A&M,2012,2.0,39.0,6.7
340,201988,Patty,Mills,Guard,180,1988-08-11,Australia,St. Mary's,2009,2.0,55.0,6.0
341,1629003,Shake,Milton,Guard-Forward,205,1996-09-26,USA,Southern Methodist,2018,2.0,54.0,6.5
342,1631303,Justin,Minaya,Forward,210,1999-03-26,USA,Providence,2022,0.0,0.0,6.7
343,1631169,Josh,Minott,Forward,205,2002-11-25,USA,Memphis,2022,2.0,45.0,6.8
344,1630558,Davion,Mitchell,Guard,202,1998-09-05,USA,Baylor,2021,1.0,9.0,6.0
345,1628378,Donovan,Mitchell,Guard,215,1996-09-07,USA,Louisville,2017,1.0,13.0,6.1
346,1630596,Evan,Mobley,Center,215,2001-06-18,USA,Southern California,2021,1.0,3.0,6.11
347,1630600,Isaiah,Mobley,Forward,238,1999-09-24,USA,Southern California,2022,2.0,49.0,6.8
348,1631320,Chima,Moneke,Forward,223,1995-12-24,Nigeria,Cal-Davis,2022,0.0,0.0,6.5
349,1628370,Malik,Monk,Guard,200,1998-02-04,USA,Kentucky,2017,1.0,11.0,6.3
350,1630541,Moses,Moody,Guard,211,2002-05-31,USA,Arkansas,2021,1.0,14.0,6.5
351,1629875,Xavier,Moon,Guard,165,1995-01-02,USA,Morehead State,2021,0.0,0.0,6.0
352,1631111,Wendell,Moore Jr.,Guard,215,2001-09-18,USA,Duke,2022,1.0,26.0,6.5
353,1629630,Ja,Morant,Guard,174,1999-08-10,USA,Murray State,2019,1.0,2.0,6.2
354,202693,Markieff,Morris,Forward,245,1989-09-02,USA,Kansas,2011,1.0,13.0,6.9
355,1628420,Monte,Morris,Guard,183,1995-06-27,USA,Iowa State,2017,2.0,51.0,6.2
356,202694,Marcus,Morris Sr.,Forward,218,1989-09-02,USA,Kansas,2011,1.0,14.0,6.8
357,1630530,Trey,Murphy III,Forward,206,2000-06-18,USA,Virginia,2021,1.0,17.0,6.8
358,1627749,Dejounte,Murray,Guard,180,1996-09-19,USA,Washington,2016,1.0,29.0,6.5
359,1627750,Jamal,Murray,Guard,215,1997-02-23,Canada,Kentucky,2016,1.0,7.0,6.4
360,1631099,Keegan,Murray,Forward,225,2000-08-19,USA,Iowa,2022,1.0,4.0,6.8
361,203488,Mike,Muscala,Forward-Center,240,1991-07-01,USA,Bucknell,2013,2.0,44.0,6.11
362,1629004,Svi,Mykhailiuk,Guard-Forward,205,1997-06-10,Ukraine,Kansas,2018,2.0,47.0,6.7
363,1626204,Larry,Nance Jr.,Forward-Center,245,1993-01-01,USA,Wyoming,2015,1.0,27.0,6.8
364,1629614,Andrew,Nembhard,Guard-Forward,191,2000-01-16,Canada,Gonzaga,2022,2.0,31.0,6.3
365,1630174,Aaron,Nesmith,Guard-Forward,215,1999-10-16,USA,Vanderbilt,2020,1.0,14.0,6.5
366,203526,Raul,Neto,Guard,180,1992-05-19,Brazil,Murcia,2013,2.0,47.0,6.2
367,1627777,Georges,Niang,Forward,230,1993-06-17,USA,Iowa State,2016,2.0,50.0,6.7
368,1630227,Daishen,Nix,Guard,226,2002-02-13,USA,,2021,0.0,0.0,6.4
369,1630192,Zeke,Nnaji,Forward-Center,240,2001-01-09,USA,Arizona,2020,1.0,22.0,6.9
370,203457,Nerlens,Noel,Center-Forward,220,1994-04-10,USA,Kentucky,2013,1.0,6.0,6.1
371,1629669,Jaylen,Nowell,Guard,201,1999-07-09,USA,Washington,2019,2.0,43.0,6.4
372,1628373,Frank,Ntilikina,Guard,200,1998-07-28,France,Strasbourg IG,2017,1.0,8.0,6.4
373,1629134,Kendrick,Nunn,Guard,190,1995-08-03,USA,Oakland,2018,0.0,0.0,6.3
374,203994,Jusuf,Nurkic,Center,290,1994-08-23,Bosnia and Herzegovina,Cedevita,2014,1.0,16.0,7.0
375,1629670,Jordan,Nwora,Forward,225,1998-09-09,USA,Louisville,2020,2.0,45.0,6.9
376,1626220,Royce,O'Neale,Forward,226,1993-06-05,USA,Baylor,2017,0.0,0.0,6.6
377,1629643,Chuma,Okeke,Forward,229,1998-08-18,USA,Auburn,2019,1.0,16.0,6.8
378,1629006,Josh,Okogie,Guard,213,1998-09-01,Nigeria,Georgia Tech,2018,1.0,20.0,6.4
379,1630168,Onyeka,Okongwu,Forward-Center,240,2000-12-11,USA,Southern California,2020,1.0,6.0,6.9
380,1630171,Isaac,Okoro,Forward-Guard,225,2001-01-26,USA,Auburn,2020,1.0,5.0,6.5
381,1629644,KZ,Okpala,Forward-Guard,215,1999-04-28,USA,Stanford,2019,2.0,32.0,6.8
382,203506,Victor,Oladipo,Guard,213,1992-05-04,USA,Indiana,2013,1.0,2.0,6.3
383,203482,Kelly,Olynyk,Forward-Center,240,1991-04-19,Canada,Gonzaga,2013,1.0,13.0,6.11
384,1630647,Eugene,Omoruyi,Forward,235,1997-02-14,Nigeria,Oregon,2021,0.0,0.0,6.6
385,1626224,Cedi,Osman,Forward,230,1995-04-08,Turkey,Anadolu Efes,2015,2.0,31.0,6.7
386,1626162,Kelly,Oubre Jr.,Forward-Guard,203,1995-12-09,USA,Kansas,2015,1.0,15.0,6.6
387,101108,Chris,Paul,Guard,175,1985-05-06,USA,Wake Forest,2005,1.0,4.0,6.0
388,1626166,Cameron,Payne,Guard,183,1994-08-08,USA,Murray State,2015,1.0,14.0,6.1
389,1627780,Gary,Payton II,Guard,195,1992-12-01,USA,Oregon State,2016,0.0,0.0,6.2
390,1629033,Theo,Pinson,Guard-Forward,212,1995-11-05,USA,North Carolina,2018,0.0,0.0,6.7
391,1630590,Scotty,Pippen Jr.,Guard,170,2000-11-10,USA,Vanderbilt,2022,0.0,0.0,6.1
392,203486,Mason,Plumlee,Forward-Center,254,1990-03-05,USA,Duke,2013,1.0,22.0,7.0
393,1627751,Jakob,Poeltl,Center,245,1995-10-15,Austria,Utah,2016,1.0,9.0,7.1
394,1630197,Aleksej,Pokusevski,Forward,210,2001-12-26,Serbia,Olympiacos,2020,1.0,17.0,7.0
395,1629673,Jordan,Poole,Guard,194,1999-06-19,USA,Michigan,2019,1.0,28.0,6.4
396,1629645,Kevin,Porter Jr.,Guard-Forward,203,2000-05-04,USA,Southern California,2019,1.0,30.0,6.4
397,1629008,Michael,Porter Jr.,Forward,218,1998-06-29,USA,Missouri,2018,1.0,14.0,6.1
398,203490,Otto,Porter Jr.,Forward,198,1993-06-03,USA,Georgetown,2013,1.0,3.0,6.8
399,1626171,Bobby,Portis,Forward,250,1995-02-10,USA,Arkansas,2015,1.0,22.0,6.11
400,204001,Kristaps,Porzingis,Forward-Center,240,1995-08-02,Latvia,Cajasol Sevilla,2015,1.0,4.0,7.3
401,1630695,Micah,Potter,Center,248,1998-04-06,USA,Wisconsin,2021,0.0,0.0,6.8
402,203939,Dwight,Powell,Forward-Center,240,1991-07-20,Canada,Stanford,2014,2.0,45.0,6.1
403,1626181,Norman,Powell,Guard,215,1993-05-25,USA,UCLA,2015,2.0,46.0,6.4
404,1630554,Jason,Preston,Guard,181,1999-08-10,USA,Ohio,2021,2.0,33.0,6.3
405,1630563,Joshua,Primo,Guard,189,2002-12-24,Canada,Alabama,2021,1.0,12.0,6.6
406,1627752,Taurean,Prince,Forward,218,1994-03-22,USA,Baylor,2016,1.0,12.0,6.6
407,1630202,Payton,Pritchard,Guard,195,1998-01-28,USA,Oregon,2020,1.0,26.0,6.1
408,1630243,Trevelin,Queen,Guard,190,1997-02-25,USA,New Mexico State,2021,0.0,0.0,6.6
409,1629674,Neemias,Queta,Center,248,1999-07-13,Portugal,Utah State,2021,2.0,39.0,7.0
410,1630193,Immanuel,Quickley,Guard,190,1999-06-17,USA,Kentucky,2020,1.0,25.0,6.2
411,1631311,Lester,Quinones,Guard,208,2000-11-16,USA,Memphis,2022,0.0,0.0,6.4
412,203944,Julius,Randle,Forward-Center,250,1994-11-29,USA,Kentucky,2014,1.0,7.0,6.8
413,1630559,Austin,Reaves,Guard,197,1998-05-29,USA,Oklahoma,2021,0.0,0.0,6.5
414,1629629,Cam,Reddish,Forward-Guard,217,1999-09-01,USA,Duke,2019,1.0,10.0,6.7
415,1628432,Davon,Reed,Guard,206,1995-06-11,USA,Miami,2017,2.0,32.0,6.5
416,1630194,Paul,Reed,Forward,210,1999-06-14,USA,DePaul,2020,2.0,58.0,6.9
417,1629675,Naz,Reid,Center-Forward,264,1999-08-26,USA,Louisiana State,2019,0.0,0.0,6.9
418,1631197,Jared,Rhoden,Guard,210,1999-08-27,USA,Seton Hall,2022,0.0,0.0,6.6
419,1630208,Nick,Richards,Center,245,1997-11-29,Jamaica,Kentucky,2020,2.0,42.0,7.0
420,1626196,Josh,Richardson,Guard,200,1993-09-15,USA,Tennessee,2015,2.0,40.0,6.6
421,203085,Austin,Rivers,Guard,200,1992-08-01,USA,Duke,2012,1.0,10.0,6.4
422,1629130,Duncan,Robinson,Forward,215,1994-04-22,USA,Michigan,2018,0.0,0.0,6.7
423,1629011,Mitchell,Robinson,Center-Forward,240,1998-04-01,USA,Western Kentucky,2018,2.0,36.0,7.0
424,1631115,Orlando,Robinson,Center,235,2000-07-10,USA,Fresno State,2022,0.0,0.0,6.1
425,1630526,Jeremiah,Robinson-Earl,Forward,240,2000-11-03,USA,Villanova,2021,2.0,32.0,6.8
426,1629676,Isaiah,Roby,Forward,230,1998-02-03,USA,Nebraska,2019,2.0,45.0,6.8
427,1631223,David,Roddy,Forward,255,2001-03-27,USA,Colorado State,2022,1.0,23.0,6.4
428,1631157,Ryan,Rollins,Guard,180,2002-07-03,USA,Toledo,2022,2.0,44.0,6.3
429,201565,Derrick,Rose,Guard,200,1988-10-04,USA,Memphis,2008,1.0,1.0,6.3
430,203082,Terrence,Ross,Guard-Forward,206,1991-02-05,USA,Washington,2012,1.0,8.0,6.7
431,1626179,Terry,Rozier,Guard,190,1994-03-17,USA,Louisville,2015,1.0,16.0,6.1
432,201937,Ricky,Rubio,Guard,190,1990-10-21,Spain,FC Barcelona,2009,1.0,5.0,6.2
433,1626156,D'Angelo,Russell,Guard,193,1996-02-23,USA,Ohio State,2015,1.0,2.0,6.4
434,1630346,Matt,Ryan,Forward,215,1997-04-17,USA,Tennessee-Chattanooga,2021,0.0,0.0,6.6
435,1627734,Domantas,Sabonis,Forward-Center,240,1996-05-03,Lithuania,Gonzaga,2016,1.0,11.0,7.1
436,1629677,Luka,Samanic,Forward,227,2000-01-09,Croatia,Union Olimpija,2019,1.0,19.0,6.1
437,203967,Dario,Saric,Forward-Center,225,1994-04-08,Croatia,Anadolu Efes,2014,1.0,12.0,6.1
438,1630846,Olivier,Sarr,Center,240,1999-02-20,France,Kentucky,2021,0.0,0.0,6.11
439,1630648,Jordan,Schakel,Guard,200,1998-06-13,USA,San Diego State,2021,0.0,0.0,6.6
440,1629678,Admiral,Schofield,Forward,241,1997-03-30,United Kingdom,Tennessee,2019,2.0,42.0,6.5
441,203471,Dennis,Schroder,Guard,172,1993-09-15,Germany,Braunschweig,2013,1.0,17.0,6.1
442,1630206,Jay,Scrubb,Guard,220,2000-09-01,USA,John A. Logan,2020,2.0,55.0,6.5
443,1631220,Dereon,Seabron,Guard,180,2000-05-26,USA,North Carolina State,2022,0.0,0.0,6.5
444,1630578,Alperen,Sengun,Center,243,2002-07-25,Turkey,Besiktas,2021,1.0,16.0,6.11
445,1629012,Collin,Sexton,Guard,190,1999-01-04,USA,Alabama,2018,1.0,8.0,6.2
446,1629013,Landry,Shamet,Guard,190,1997-03-13,USA,Wichita State,2018,1.0,26.0,6.4
447,1630549,Day'Ron,Sharpe,Center,265,2001-11-06,USA,North Carolina,2021,1.0,29.0,6.9
448,1631101,Shaedon,Sharpe,Guard,200,2003-05-30,Canada,Kentucky,2022,1.0,7.0,6.5
449,1627783,Pascal,Siakam,Forward,230,1994-04-02,Cameroon,New Mexico State,2016,1.0,27.0,6.8
450,1629735,Chris,Silva,Forward,234,1996-09-19,Gabon,South Carolina,2019,0.0,0.0,6.8
451,1627732,Ben,Simmons,Guard-Forward,240,1996-07-20,Australia,Louisiana State,2016,1.0,1.0,6.1
452,1628424,Kobi,Simmons,Guard,180,1997-07-04,USA,Arizona,2017,0.0,0.0,6.5
453,1630250,Marko,Simonovic,Center,220,1999-10-15,Montenegro,,2020,2.0,44.0,7.0
454,1629014,Anfernee,Simons,Guard,181,1999-06-08,USA,Edgewater HS (FL),2018,1.0,24.0,6.3
455,1630579,Jericho,Sims,Center,250,1998-10-20,USA,Texas,2021,2.0,58.0,6.1
456,203935,Marcus,Smart,Guard,220,1994-03-06,USA,Oklahoma State,2014,1.0,6.0,6.4
457,1630696,Dru,Smith,Guard,203,1997-12-30,USA,Missouri,2022,0.0,0.0,6.3
458,202397,Ish,Smith,Guard,175,1988-07-05,USA,Wake Forest,2010,0.0,0.0,6.0
459,1630188,Jalen,Smith,Forward-Center,215,2000-03-16,USA,Maryland,2020,1.0,10.0,6.9
460,1628372,Dennis,Smith Jr.,Guard,205,1997-11-25,USA,North Carolina State,2017,1.0,9.0,6.2
461,1631095,Jabari,Smith Jr.,Forward,220,2003-05-13,USA,Auburn,2022,1.0,3.0,6.11
462,1630270,Xavier,Sneed,Forward,215,1997-12-21,USA,Kansas State,2021,0.0,0.0,6.5
463,1631110,Jeremy,Sochan,Forward,230,2003-05-20,Poland,Baylor,2022,1.0,9.0,6.8
464,1630531,Jaden,Springer,Guard,202,2002-09-25,USA,Tennessee,2021,1.0,28.0,6.4
465,1630205,Lamar,Stevens,Forward,230,1997-07-09,USA,Penn State,2020,0.0,0.0,6.6
466,1630191,Isaiah,Stewart,Forward-Center,250,2001-05-22,USA,Washington,2020,1.0,16.0,6.8
467,1629622,Max,Strus,Guard-Forward,215,1996-03-28,USA,DePaul,2019,0.0,0.0,6.5
468,1630591,Jalen,Suggs,Guard,205,2001-06-03,USA,Gonzaga,2021,1.0,5.0,6.5
469,1628410,Edmond,Sumner,Guard,196,1995-12-31,USA,Xavier,2017,2.0,52.0,6.4
470,1631306,Cole,Swider,Forward,220,1999-05-08,USA,Syracuse,2022,0.0,0.0,6.9
471,1630256,Jae'Sean,Tate,Forward,230,1995-10-28,USA,Ohio State,2020,0.0,0.0,6.5
472,1628369,Jayson,Tatum,Forward-Guard,210,1998-03-03,USA,Duke,2017,1.0,3.0,6.8
473,1630678,Terry,Taylor,Forward,230,1999-09-23,USA,Austin Peay,2021,0.0,0.0,6.4
474,202066,Garrett,Temple,Guard-Forward,195,1986-05-08,USA,Louisiana State,2009,0.0,0.0,6.6
475,1631207,Dalen,Terry,Forward,195,2002-07-12,USA,Arizona,2022,1.0,18.0,6.7
476,1628464,Daniel,Theis,Forward-Center,245,1992-04-04,Germany,Brose Bamberg,2017,0.0,0.0,6.8
477,1630560,Cam,Thomas,Guard,210,2001-10-13,Japan,Louisiana State,2021,1.0,27.0,6.3
478,202691,Klay,Thompson,Guard,220,1990-02-08,USA,Washington State,2011,1.0,11.0,6.6
479,202684,Tristan,Thompson,Center-Forward,254,1991-03-13,Canada,Texas-Austin,2011,1.0,4.0,6.9
480,1630550,JT,Thor,Forward,203,2002-08-26,USA,Auburn,2021,2.0,37.0,6.9
481,1629680,Matisse,Thybulle,Guard-Forward,201,1997-03-04,USA,Washington,2019,1.0,20.0,6.5
482,1630214,Xavier,Tillman,Forward,245,1999-01-12,USA,Michigan State,2020,2.0,35.0,6.7
483,1630225,Isaiah,Todd,Forward,219,2001-10-17,USA,NBA G League Ignite,2021,2.0,31.0,6.9
484,1630167,Obi,Toppin,Forward,220,1998-03-04,USA,Dayton,2020,1.0,8.0,6.9
485,1629308,Juan,Toscano-Anderson,Forward,209,1993-04-10,USA,Marquette,2019,0.0,0.0,6.6
486,1626157,Karl-Anthony,Towns,Center-Forward,248,1995-11-15,USA,Kentucky,2015,1.0,1.0,7.0
487,1629018,Gary,Trent Jr.,Guard-Forward,209,1999-01-18,USA,Duke,2018,2.0,37.0,6.5
488,200782,P.J.,Tucker,Forward,245,1985-05-05,USA,Texas,2006,2.0,35.0,6.5
489,1626167,Myles,Turner,Center-Forward,250,1996-03-24,USA,Texas,2015,1.0,11.0,6.11
490,1630649,Stanley,Umude,Guard,210,1999-04-12,USA,Arkansas,2022,0.0,0.0,6.6
491,202685,Jonas,Valanciunas,Center,265,1992-05-06,Lithuania,Lietuvos rytas Vilnius,2011,1.0,5.0,6.11
492,1627832,Fred,VanVleet,Guard,197,1994-02-25,USA,Wichita State,2016,0.0,0.0,6.0
493,1629020,Jarred,Vanderbilt,Forward,214,1999-04-03,USA,Kentucky,2018,2.0,41.0,6.8
494,1630170,Devin,Vassell,Guard-Forward,200,2000-08-23,USA,Florida State,2020,1.0,11.0,6.5
495,1629216,Gabe,Vincent,Guard,200,1996-06-14,USA,California-Santa Barbara,2019,0.0,0.0,6.2
496,203943,Noah,Vonleh,Forward,257,1995-08-24,USA,Indiana,2014,1.0,9.0,6.1
497,202696,Nikola,Vucevic,Center,260,1990-10-24,Montenegro,Southern California,2011,1.0,16.0,6.1
498,1629731,Dean,Wade,Forward-Center,228,1996-11-20,USA,Kansas State,2019,0.0,0.0,6.9
499,1630532,Franz,Wagner,Forward,220,2001-08-27,Germany,Michigan,2021,1.0,8.0,6.1
500,1629021,Moritz,Wagner,Forward-Center,245,1997-04-26,Germany,Michigan,2018,1.0,25.0,6.11
501,1630688,Ish,Wainright,Forward,250,1994-09-12,USA,Baylor,2021,0.0,0.0,6.5
502,1631133,Jabari,Walker,Forward,200,2002-07-30,USA,Colorado,2022,2.0,57.0,6.7
503,202689,Kemba,Walker,Guard,184,1990-05-08,USA,Connecticut,2011,1.0,9.0,6.0
504,1629022,Lonnie,Walker IV,Guard-Forward,204,1998-12-14,USA,Miami,2018,1.0,18.0,6.4
505,202322,John,Wall,Guard,210,1990-09-06,USA,Kentucky,2010,1.0,1.0,6.3
506,203933,T.J.,Warren,Forward,220,1993-09-05,USA,North Carolina State,2014,1.0,14.0,6.8
507,1629023,P.J.,Washington,Forward,230,1998-08-23,USA,Kentucky,2019,1.0,12.0,6.7
508,1630613,Duane,Washington Jr.,Guard,197,2000-03-24,Germany,Ohio State,2021,0.0,0.0,6.2
509,1631102,TyTy,Washington Jr.,Guard,195,2001-11-15,USA,Kentucky,2022,1.0,29.0,6.3
510,1629139,Yuta,Watanabe,Guard-Forward,215,1994-10-13,Japan,George Washington,2018,0.0,0.0,6.8
511,1630322,Lindy,Waters III,Forward,210,1997-07-28,USA,Oklahoma State,2021,0.0,0.0,6.6
512,1630570,Trendon,Watford,Forward,237,2000-11-09,USA,Louisiana State,2021,0.0,0.0,6.8
513,1631212,Peyton,Watson,Guard,200,2002-09-11,USA,UCLA,2022,1.0,30.0,6.7
514,1631104,Blake,Wesley,Guard,185,2003-03-16,USA,Notre Dame,2022,1.0,25.0,6.4
515,201566,Russell,Westbrook,Guard,200,1988-11-12,USA,UCLA,2008,1.0,4.0,6.3
516,1629632,Coby,White,Guard,195,2000-02-16,USA,North Carolina,2019,1.0,7.0,6.5
517,1628401,Derrick,White,Guard,190,1994-07-02,USA,Colorado,2017,1.0,29.0,6.4
518,1631298,Jack,White,Forward,225,1997-08-05,Australia,Duke,2022,0.0,0.0,6.7
519,1630580,Joe,Wieskamp,Guard-Forward,205,1999-08-23,USA,Iowa,2021,2.0,41.0,6.6
520,1630598,Aaron,Wiggins,Guard,190,1999-01-02,USA,Maryland,2021,2.0,55.0,6.5
521,203952,Andrew,Wiggins,Forward,197,1995-02-23,Canada,Kansas,2014,1.0,1.0,6.7
522,1629623,Lindell,Wigginton,Guard,189,1998-03-28,Canada,Iowa State,2019,0.0,0.0,6.1
523,1631214,Alondes,Williams,Guard,210,1999-06-19,USA,Wake Forest,2022,0.0,0.0,6.4
524,1631495,Donovan,Williams,Guard,190,2001-09-06,USA,UNLV,2022,0.0,0.0,6.6
525,1629684,Grant,Williams,Forward,236,1998-11-30,USA,Tennessee,2019,1.0,22.0,6.6
526,1631114,Jalen,Williams,Guard-Forward,211,2001-04-14,USA,Santa Clara,2022,1.0,12.0,6.5
527,1631119,Jaylin,Williams,Forward,240,2002-06-29,USA,Arkansas,2022,2.0,34.0,6.9
528,1631466,Jeenathan,Williams,Guard,205,1999-02-12,USA,Buffalo,2022,0.0,0.0,6.5
529,1629026,Kenrich,Williams,Guard-Forward,210,1994-12-02,USA,TCU,2018,0.0,0.0,6.6
530,1631109,Mark,Williams,Center,240,2001-12-16,USA,Duke,2022,1.0,15.0,7.0
531,1630172,Patrick,Williams,Forward,215,2001-08-26,USA,Florida State,2020,1.0,4.0,6.7
532,1630533,Ziaire,Williams,Forward,185,2001-09-12,USA,Stanford,2021,1.0,10.0,6.9
533,1629057,Robert,Williams III,Center-Forward,237,1997-10-17,USA,Texas A&M,2018,1.0,27.0,6.9
534,1631246,Vince,Williams Jr.,Guard,205,2000-08-30,USA,Virginia Commonwealth,2022,2.0,47.0,6.4
535,1629627,Zion,Williamson,Forward,284,2000-07-06,USA,Duke,2019,1.0,1.0,6.6
536,1629685,Dylan,Windler,Guard-Forward,196,1996-09-22,USA,Belmont,2019,1.0,26.0,6.7
537,1626159,Justise,Winslow,Forward-Guard,222,1996-03-26,USA,Duke,2015,1.0,10.0,6.6
538,1630164,James,Wiseman,Center,240,2001-03-31,USA,Memphis,2020,1.0,2.0,7.0
539,1626174,Christian,Wood,Forward,214,1995-09-27,USA,UNLV,2015,0.0,0.0,6.9
540,1626153,Delon,Wright,Guard,185,1992-04-26,USA,Utah,2015,1.0,20.0,6.5
541,1630593,McKinley,Wright IV,Guard,192,1998-10-25,USA,Colorado,2021,0.0,0.0,5.11
542,1628221,Gabe,York,Guard,190,1993-08-02,USA,Arizona,2021,0.0,0.0,6.3
543,201152,Thaddeus,Young,Forward,235,1988-06-21,USA,Georgia Tech,2007,1.0,12.0,6.8
544,1629027,Trae,Young,Guard,164,1998-09-19,USA,Oklahoma,2018,1.0,5.0,6.1
545,1630209,Omer,Yurtseven,Center,275,1998-06-19,Turkey,Georgetown,2020,0.0,0.0,6.11
546,203469,Cody,Zeller,Forward-Center,240,1992-10-05,USA,Indiana,2013,1.0,4.0,6.11
547,1627826,Ivica,Zubac,Center,240,1997-03-18,Croatia,Mega Basket,2016,2.0,32.0,7.0
